1,1,2,3,1,2,0,1,2,2,1,2,0,1,2,1,1,2,1,1,2,1
2,2,4,4,2,4,3,2,4,3,2,4,2,2,4,3,2,4,2,2,4,2
3,3,6,4,3,6,4,3,6,4,3,6,2,3,6,2,3,6,7,3,6,2
4,4,8,6,4,8,6,4,8,5,4,8,3,4,8,5,4,8,3,4,8,3
5,5,10,7,5,10,4,5,10,2,5,10,4,5,10,4,5,10,4,5,10,9
6,6,12,8,6,12,7,6,12,8,6,12,5,6,12,5,6,12,9,6,12,5
7,7,14,6,7,14,5,7,14,5,7,14,4,7,14,6,7,14,4,7,14,3
8,8,16,13,8,16,9,8,16,9,8,16,7,8,16,11,8,16,7,8,16,7
9,9,18,15,9,18,10,9,18,8,9,18,11,9,18,8,9,18,8,9,18,8
10,10,20,16,10,20,12,10,20,9,10,20,13,10,20,10,10,20,9,10,20,19
11,11,22,17,11,22,12,11,22,14,11,22,10,11,22,12,11,22,17,11,22,8
12,12,24,18,12,24,15,12,24,15,12,24,12,12,24,12,12,24,18,12,24,12
13,13,26,17,13,26,9,13,26,10,13,26,7,13,26,19,13,26,12,13,26,13
14,14,28,20,14,28,16,14,28,18,14,28,14,14,28,21,14,28,14,14,28,15
15,15,30,24,15,30,16,15,30,18,15,30,14,15,30,21,15,30,15,15,30,15
16,16,32,25,16,32,18,16,32,20,16,32,16,16,32,23,16,32,16,16,32,17
17,17,34,26,17,34,22,17,34,17,17,34,23,17,34,16,17,34,17,17,34,17
18,18,36,28,18,36,22,18,36,18,18,36,26,18,36,19,18,36,19,18,36,19
19,19,38,30,19,38,23,19,38,19,19,38,26,19,38,20,19,38,20,19,38,33
20,20,40,32,20,40,24,20,40,27,20,40,28,20,40,21,20,40,21,20,40,33
21,21,42,33,21,42,24,21,42,21,21,42,28,21,42,21,21,42,21,21,42,35
22,22,44,32,22,44,26,22,44,29,22,44,23,22,44,23,22,44,36,22,44,23
23,23,46,33,23,46,27,23,46,30,23,46,23,23,46,24,23,46,37,23,46,24
24,24,48,34,24,48,29,24,48,31,24,48,25,24,48,25,24,48,38,24,48,25
25,25,50,35,25,50,29,25,50,32,25,50,26,25,50,26,25,50,39,25,50,25
26,26,52,36,26,52,31,26,52,34,26,52,27,26,52,40,26,52,28,26,52,27
27,27,54,35,27,54,31,27,54,35,27,54,28,27,54,41,27,54,29,27,54,29
28,28,56,37,28,56,33,28,56,36,28,56,30,28,56,43,28,56,30,28,56,30
29,29,58,39,29,58,33,29,58,37,29,58,30,29,58,43,29,58,31,29,58,30
30,30,60,42,30,60,35,30,60,38,30,60,32,30,60,45,30,60,32,30,60,32
31,31,62,43,31,62,35,31,62,39,31,62,33,31,62,45,31,62,33,31,62,32
32,32,64,46,32,64,38,32,64,41,32,64,35,32,64,47,32,64,35,32,64,34
33,33,66,37,33,66,25,33,66,22,33,66,29,33,66,22,33,66,36,33,66,36
34,34,68,49,34,68,43,34,68,37,34,68,50,34,68,37,34,68,38,34,68,36
35,35,70,51,35,70,43,35,70,37,35,70,50,35,70,38,35,70,37,35,70,37
36,36,72,52,36,72,46,36,72,40,36,72,52,36,72,39,36,72,40,36,72,39
37,37,74,53,37,74,45,37,74,40,37,74,52,37,74,39,37,74,41,37,74,72
38,38,76,56,38,76,48,38,76,42,38,76,54,38,76,41,38,76,26,38,76,42
39,39,78,36,39,78,29,39,78,26,39,78,55,39,78,42,39,78,43,39,78,68
40,40,80,57,40,80,31,40,80,44,40,80,34,40,80,28,40,80,44,40,80,65
41,41,82,56,41,82,52,41,82,45,41,82,58,41,82,45,41,82,45,41,82,70
42,42,84,57,42,84,53,42,84,28,42,84,36,42,84,46,42,84,46,42,84,71
43,43,86,61,43,86,52,43,86,60,43,86,47,43,86,29,43,86,44,43,86,30
44,44,88,62,44,88,34,44,88,38,44,88,48,44,88,49,44,88,74,44,88,49
45,45,90,47,45,90,55,45,90,63,45,90,31,45,90,30,45,90,75,45,90,48
46,46,92,64,46,92,57,46,92,64,46,92,51,46,92,52,46,92,77,46,92,50
47,47,94,63,47,94,58,47,94,65,47,94,52,47,94,51,47,94,77,47,94,53
48,48,96,70,48,96,37,48,96,46,48,96,34,48,96,53,48,96,79,48,96,54
49,49,98,68,49,98,38,49,98,61,49,98,55,49,98,54,49,98,80,49,98,34
50,50,100,70,50,100,62,50,100,69,50,100,56,50,100,55,50,100,82,50,100,55
51,51,102,68,51,102,66,51,102,70,51,102,57,51,102,57,51,102,83,51,102,56
52,52,104,70,52,104,65,52,104,71,52,104,58,52,104,83,52,104,60,52,104,35
53,53,106,53,53,106,41,53,106,72,53,106,60,53,106,85,53,106,60,53,106,59
54,54,108,48,54,108,42,54,108,73,54,108,39,54,108,52,54,108,61,54,108,61
55,55,110,76,55,110,67,55,110,74,55,110,62,55,110,87,55,110,62,55,110,61
56,56,112,77,56,112,70,56,112,76,56,112,63,56,112,88,56,112,66,56,112,63
57,57,114,85,57,114,43,57,114,47,57,114,40,57,114,90,57,114,40,57,114,40
58,58,116,77,58,116,72,58,116,78,58,116,41,58,116,56,58,116,41,58,116,66
59,59,118,80,59,118,71,59,118,79,59,118,67,59,118,92,59,118,43,59,118,66
60,60,120,53,60,120,46,60,120,81,60,120,69,60,120,57,60,120,43,60,120,40
61,61,122,54,61,122,74,61,122,82,61,122,70,61,122,94,61,122,74,61,122,44
62,62,124,57,62,124,48,62,124,50,62,124,44,62,124,58,62,124,45,62,124,42
63,63,126,83,63,126,76,63,126,85,63,126,44,63,126,67,63,126,74,63,126,70
64,64,128,88,64,128,80,64,128,86,64,128,74,64,128,98,64,128,75,64,128,73
65,65,130,94,65,130,87,65,130,73,65,130,100,65,130,75,65,130,76,65,130,75
66,66,132,65,66,132,54,66,132,46,66,132,62,66,132,46,66,132,48,66,132,46
67,67,134,64,67,134,55,67,134,47,67,134,63,67,134,77,67,134,77,67,134,77
68,68,136,100,68,136,91,68,136,77,68,136,104,68,136,78,68,136,80,68,136,77
69,69,138,101,69,138,90,69,138,78,69,138,104,69,138,79,69,138,81,69,138,78
70,70,140,103,70,140,94,70,140,81,70,140,105,70,140,69,70,140,83,70,140,80
71,71,142,106,71,142,94,71,142,82,71,142,107,71,142,82,71,142,84,71,142,81
72,72,144,103,72,144,98,72,144,84,72,144,109,72,144,84,72,144,52,72,144,51
73,73,146,67,73,146,65,73,146,84,73,146,111,73,146,84,73,146,98,73,146,53
74,74,148,76,74,148,99,74,148,53,74,148,68,74,148,52,74,148,54,74,148,87
75,75,150,69,75,150,63,75,150,54,75,150,115,75,150,87,75,150,89,75,150,136
76,76,152,114,76,152,102,76,152,89,76,152,111,76,152,88,76,152,91,76,152,138
77,77,154,116,77,154,100,77,154,88,77,154,81,77,154,55,77,154,92,77,154,139
78,78,156,73,78,156,69,78,156,55,78,156,72,78,156,91,78,156,58,78,156,84
79,79,158,116,79,158,102,79,158,90,79,158,117,79,158,91,79,158,94,79,158,142
80,80,160,116,80,160,107,80,160,94,80,160,119,80,160,96,80,160,96,80,160,144
81,81,162,116,81,162,108,81,162,94,81,162,120,81,162,101,81,162,96,81,162,145
82,82,164,83,82,164,67,82,164,97,82,164,121,82,164,98,82,164,97,82,164,146
83,83,166,105,83,166,111,83,166,97,83,166,123,83,166,99,83,166,99,83,166,150
84,84,168,121,84,168,112,84,168,60,84,168,77,84,168,61,84,168,62,84,168,90
85,85,170,125,85,170,113,85,170,103,85,170,124,85,170,101,85,170,100,85,170,149
86,86,172,124,86,172,117,86,172,127,86,172,100,86,172,103,86,172,94,86,172,63
87,87,174,125,87,174,106,87,174,78,87,174,63,87,174,65,87,174,94,87,174,63
88,88,176,85,88,176,76,88,176,80,88,176,64,88,176,65,88,176,95,88,176,64
89,89,178,83,89,178,78,89,178,131,89,178,106,89,178,106,89,178,157,89,178,105
90,90,180,129,90,180,122,90,180,132,90,180,108,90,180,109,90,180,159,90,180,106
91,91,182,84,91,182,75,91,182,82,91,182,107,91,182,68,91,182,159,91,182,66
92,92,184,132,92,184,124,92,184,135,92,184,108,92,184,111,92,184,161,92,184,109
93,93,186,133,93,186,119,93,186,135,93,186,111,93,186,115,93,186,149,93,186,115
94,94,188,126,94,188,138,94,188,155,94,188,102,94,188,100,94,188,145,94,188,102
95,95,190,129,95,190,115,95,190,131,95,190,117,95,190,96,95,190,141,95,190,100
96,96,192,122,96,192,115,96,192,125,96,192,103,96,192,107,96,192,150,96,192,102
97,97,194,126,97,194,107,97,194,142,97,194,114,97,194,118,97,194,168,97,194,114
98,98,196,141,98,196,130,98,196,143,98,196,117,98,196,117,98,196,169,98,196,116
99,99,198,147,99,198,126,99,198,144,99,198,75,99,198,73,99,198,105,99,198,71
100,100,200,94,100,200,82,100,200,90,100,200,76,100,200,74,100,200,105,100,200,84
101,101,202,98,101,202,83,101,202,89,101,202,77,101,202,75,101,202,107,101,202,73
102,102,204,94,102,204,90,102,204,90,102,204,77,102,204,76,102,204,107,102,204,74
103,103,206,94,103,206,85,103,206,91,103,206,92,103,206,106,103,206,78,103,206,74
104,104,208,109,104,208,86,104,208,152,104,208,126,104,208,177,104,208,89,104,208,85
105,105,210,96,105,210,87,105,210,152,105,210,127,105,210,110,105,210,130,105,210,127
106,106,212,102,106,212,88,106,212,153,106,212,118,106,212,119,106,212,91,106,212,112
107,107,214,99,107,214,137,107,214,154,107,214,89,107,214,119,107,214,83,107,214,89
108,108,216,109,108,216,135,108,216,158,108,216,134,108,216,183,108,216,134,108,216,131
109,109,218,157,109,218,140,109,218,107,109,218,95,109,218,121,109,218,94,109,218,89
110,110,220,159,110,220,149,110,220,110,110,220,135,110,220,186,110,220,137,110,220,134
111,111,222,161,111,222,142,111,222,164,111,222,137,111,222,188,111,222,139,111,222,135
112,112,224,163,112,224,149,112,224,161,112,224,137,112,224,189,112,224,138,112,224,128
113,113,226,116,113,226,103,113,226,152,113,226,138,113,226,190,113,226,142,113,226,138
114,114,228,161,114,228,103,114,228,147,114,228,143,114,228,196,114,228,142,114,228,138
115,115,230,157,115,230,147,115,230,163,115,230,114,115,230,116,115,230,88,115,230,86
116,116,232,133,116,232,97,116,232,102,116,232,89,116,232,117,116,232,90,116,232,86
117,117,234,160,117,234,157,117,234,172,117,234,143,117,234,195,117,234,145,117,234,142
118,118,236,165,118,236,154,118,236,104,118,236,92,118,236,119,118,236,93,118,236,88
119,119,238,132,119,238,92,119,238,105,119,238,92,119,238,120,119,238,95,119,238,89
120,120,240,135,120,240,100,120,240,121,120,240,94,120,240,122,120,240,95,120,240,89
121,121,242,136,121,242,101,121,242,107,121,242,94,121,242,129,121,242,98,121,242,90
122,122,244,142,122,244,101,122,244,108,122,244,95,122,244,123,122,244,96,122,244,91
123,123,246,169,123,246,158,123,246,181,123,246,106,123,246,124,123,246,107,123,246,103
124,124,248,141,124,248,103,124,248,110,124,248,98,124,248,125,124,248,99,124,248,93
125,125,250,147,125,250,96,125,250,110,125,250,98,125,250,125,125,250,100,125,250,94
126,126,252,174,126,252,168,126,252,167,126,252,100,126,252,127,126,252,101,126,252,95
127,127,254,140,127,254,98,127,254,112,127,254,99,127,254,127,127,254,102,127,254,95
128,128,256,139,128,256,106,128,256,115,128,256,100,128,256,129,128,256,103,128,256,97
129,129,258,160,129,258,114,129,258,99,129,258,132,129,258,101,129,258,104,129,258,97
130,130,260,157,130,260,115,130,260,100,130,260,143,130,260,109,130,260,104,130,260,98
131,131,262,154,131,262,108,131,262,101,131,262,132,131,262,102,131,262,106,131,262,99
132,132,264,159,132,264,117,132,264,101,132,264,141,132,264,103,132,264,107,132,264,100
133,133,266,160,133,266,110,133,266,101,133,266,134,133,266,103,133,266,107,133,266,102
134,134,268,159,134,268,120,134,268,103,134,268,136,134,268,105,134,268,109,134,268,105
135,135,270,165,135,270,115,135,270,106,135,270,151,135,270,105,135,270,109,135,270,103
136,136,272,172,136,272,124,136,272,107,136,272,142,136,272,109,136,272,114,136,272,107
137,137,274,168,137,274,125,137,274,108,137,274,142,137,274,111,137,274,115,137,274,108
138,138,276,212,138,276,126,138,276,109,138,276,144,138,276,112,138,276,116,138,276,109
139,139,278,166,139,278,122,139,278,108,139,278,141,139,278,108,139,278,113,139,278,106
140,140,280,163,140,280,125,140,280,109,140,280,142,140,280,110,140,280,114,140,280,107
141,141,282,182,141,282,119,141,282,113,141,282,145,141,282,114,141,282,118,141,282,111
142,142,284,169,142,284,129,142,284,113,142,284,148,142,284,115,142,284,120,142,284,113
143,143,286,174,143,286,130,143,286,114,143,286,156,143,286,116,143,286,121,143,286,113
144,144,288,163,144,288,132,144,288,118,144,288,147,144,288,116,144,288,122,144,288,114
145,145,290,172,145,290,124,145,290,117,145,290,149,145,290,117,145,290,122,145,290,115
146,146,292,173,146,292,134,146,292,118,146,292,151,146,292,125,146,292,123,146,292,117
147,147,294,177,147,294,144,147,294,116,147,294,148,147,294,123,147,294,121,147,294,179
148,148,296,165,148,296,132,148,296,117,148,296,147,148,296,117,148,296,128,148,296,194
149,149,298,209,149,298,126,149,298,121,149,298,151,149,298,123,149,298,124,149,298,178
150,150,300,231,150,300,220,150,300,150,150,300,156,150,300,123,150,300,128,150,300,180
151,151,302,178,151,302,136,151,302,119,151,302,152,151,302,134,151,302,125,151,302,176
152,152,304,234,152,304,218,152,304,190,152,304,243,152,304,196,152,304,197,152,304,239
153,153,306,173,153,306,126,153,306,122,153,306,150,153,306,124,153,306,125,153,306,198
154,154,308,229,154,308,225,154,308,163,154,308,153,154,308,131,154,308,126,154,308,180
155,155,310,174,155,310,127,155,310,125,155,310,152,155,310,140,155,310,131,155,310,184
156,156,312,201,156,312,144,156,312,128,156,312,159,156,312,131,156,312,132,156,312,198
157,157,314,182,157,314,129,157,314,126,157,314,156,157,314,126,157,314,131,157,314,180
158,158,316,182,158,316,146,158,316,206,158,316,251,158,316,133,158,316,133,158,316,187
159,159,318,182,159,318,135,159,318,131,159,318,161,159,318,133,159,318,135,159,318,189
160,160,320,191,160,320,147,160,320,131,160,320,166,160,320,132,160,320,138,160,320,190
161,161,322,192,161,322,148,161,322,134,161,322,165,161,322,133,161,322,139,161,322,190
162,162,324,187,162,324,150,162,324,135,162,324,164,162,324,137,162,324,138,162,324,191
163,163,326,252,163,326,208,163,326,136,163,326,167,163,326,138,163,326,139,163,326,194
164,164,328,192,164,328,147,164,328,134,164,328,188,164,328,142,164,328,144,164,328,198
165,165,330,199,165,330,139,165,330,217,165,330,263,165,330,137,165,330,144,165,330,195
166,166,332,207,166,332,150,166,332,136,166,332,166,166,332,138,166,332,146,166,332,196
167,167,334,190,167,334,138,167,334,154,167,334,198,167,334,146,167,334,189,167,334,298
168,168,336,193,168,336,156,168,336,152,168,336,167,168,336,140,168,336,145,168,336,192
169,169,338,208,169,338,147,169,338,146,169,338,177,169,338,157,169,338,146,169,338,203
170,170,340,203,170,340,157,170,340,144,170,340,173,170,340,146,170,340,148,170,340,200
171,171,342,197,171,342,146,171,342,174,171,342,144,171,342,146,171,342,212,171,342,162
172,172,344,205,172,344,156,172,344,201,172,344,150,172,344,151,172,344,214,172,344,146
173,173,346,202,173,346,146,173,346,176,173,346,150,173,346,159,173,346,204,173,346,140
174,174,348,198,174,348,158,174,348,174,174,348,143,174,348,146,174,348,206,174,348,140
175,175,350,199,175,350,143,175,350,174,175,350,146,175,350,146,175,350,206,175,350,141
176,176,352,204,176,352,160,176,352,190,176,352,153,176,352,155,176,352,218,176,352,150
177,177,354,267,177,354,261,177,354,286,177,354,221,177,354,151,177,354,214,177,354,155
178,178,356,202,178,356,161,178,356,184,178,356,147,178,356,149,178,356,217,178,356,144
179,179,358,265,179,358,258,179,358,282,179,358,230,179,358,167,179,358,210,179,358,151
180,180,360,209,180,360,162,180,360,200,180,360,153,180,360,155,180,360,216,180,360,150
181,181,362,276,181,362,252,181,362,293,181,362,236,181,362,155,181,362,221,181,362,194
182,182,364,270,182,364,165,182,364,181,182,364,151,182,364,152,182,364,213,182,364,160
183,183,366,204,183,366,165,183,366,187,183,366,155,183,366,153,183,366,213,183,366,149
184,184,368,219,184,368,172,184,368,188,184,368,170,184,368,156,184,368,225,184,368,149
185,185,370,219,185,370,172,185,370,188,185,370,158,185,370,161,185,370,223,185,370,154
186,186,372,215,186,372,173,186,372,189,186,372,161,186,372,160,186,372,249,186,372,160
187,187,374,261,187,374,160,187,374,189,187,374,163,187,374,160,187,374,223,187,374,157
188,188,376,219,188,376,176,188,376,189,188,376,165,188,376,162,188,376,227,188,376,157
189,189,378,220,189,378,168,189,378,193,189,378,163,189,378,164,189,378,231,189,378,175
190,190,380,217,190,380,174,190,380,195,190,380,162,190,380,162,190,380,224,190,380,156
191,191,382,303,191,382,262,191,382,206,191,382,167,191,382,163,191,382,228,191,382,179
192,192,384,216,192,384,176,192,384,196,192,384,164,192,384,161,192,384,224,192,384,158
193,193,386,214,193,386,176,193,386,198,193,386,193,193,386,171,193,386,237,193,386,168
194,194,388,238,194,388,182,194,388,197,194,388,169,194,388,170,194,388,232,194,388,164
195,195,390,225,195,390,183,195,390,199,195,390,194,195,390,167,195,390,229,195,390,160
196,196,392,218,196,392,180,196,392,193,196,392,170,196,392,165,196,392,229,196,392,162
197,197,394,235,197,394,179,197,394,206,197,394,261,197,394,170,197,394,235,197,394,167
198,198,396,226,198,396,181,198,396,197,198,396,176,198,396,170,198,396,230,198,396,165
199,199,398,249,199,398,192,199,398,208,199,398,192,199,398,178,199,398,249,199,398,173
200,200,400,236,200,400,196,200,400,205,200,400,178,200,400,174,200,400,238,200,400,170
201,201,402,239,201,402,184,201,402,202,201,402,193,201,402,209,201,402,247,201,402,175
202,202,404,233,202,404,190,202,404,207,202,404,180,202,404,176,202,404,242,202,404,173
203,203,406,281,203,406,289,203,406,337,203,406,182,203,406,177,203,406,242,203,406,173
204,204,408,206,204,408,188,204,408,203,204,408,177,204,408,175,204,408,238,204,408,170
205,205,410,233,205,410,170,205,410,203,205,410,200,205,410,245,205,410,190,205,410,180
206,206,412,249,206,412,200,206,412,213,206,412,199,206,412,240,206,412,186,206,412,176
207,207,414,235,207,414,176,207,414,265,207,414,291,207,414,397,207,414,245,207,414,172
208,208,416,235,208,416,192,208,416,206,208,416,181,208,416,236,208,416,183,208,416,173
209,209,418,290,209,418,193,209,418,207,209,418,183,209,418,236,209,418,185,209,418,178
210,210,420,341,210,420,321,210,420,335,210,420,199,210,420,238,210,420,185,210,420,175
211,211,422,242,211,422,195,211,422,212,211,422,185,211,422,248,211,422,186,211,422,177
212,212,424,248,212,424,206,212,424,236,212,424,191,212,424,246,212,424,192,212,424,194
213,213,426,249,213,426,202,213,426,218,213,426,192,213,426,257,213,426,194,213,426,184
214,214,428,247,214,428,204,214,428,219,214,428,194,214,428,250,214,428,203,214,428,185
215,215,430,246,215,430,201,215,430,223,215,430,199,215,430,256,215,430,210,215,430,186
216,216,432,246,216,432,206,216,432,227,216,432,198,216,432,259,216,432,196,216,432,187
217,217,434,248,217,434,206,217,434,221,217,434,197,217,434,252,217,434,199,217,434,188
218,218,436,252,218,436,213,218,436,222,218,436,208,218,436,253,218,436,199,218,436,190
219,219,438,254,219,438,199,219,438,225,219,438,203,219,438,261,219,438,206,219,438,196
220,220,440,263,220,440,215,220,440,252,220,440,200,220,440,255,220,440,202,220,440,192
221,221,442,251,221,442,189,221,442,224,221,442,200,221,442,257,221,442,203,221,442,192
222,222,444,326,222,444,213,222,444,227,222,444,202,222,444,257,222,444,205,222,444,194
223,223,446,272,223,446,191,223,446,227,223,446,202,223,446,280,223,446,210,223,446,201
224,224,448,249,224,448,217,224,448,244,224,448,199,224,448,263,224,448,206,224,448,207
225,225,450,255,225,450,214,225,450,231,225,450,204,225,450,262,225,450,216,225,450,197
226,226,452,252,226,452,216,226,452,239,226,452,207,226,452,263,226,452,208,226,452,199
227,227,454,254,227,454,224,227,454,233,227,454,214,227,454,264,227,454,209,227,454,199
228,228,456,358,228,456,220,228,456,235,228,456,208,228,456,266,228,456,211,228,456,200
229,229,458,257,229,458,207,229,458,234,229,458,208,229,458,266,229,458,212,229,458,200
230,230,460,274,230,460,215,230,460,229,230,460,206,230,460,280,230,460,213,230,460,203
231,231,462,263,231,462,223,231,462,239,231,462,212,231,462,268,231,462,214,231,462,204
232,232,464,263,232,464,218,232,464,251,232,464,214,232,464,278,232,464,216,232,464,212
233,233,466,363,233,466,327,233,466,374,233,466,330,233,466,266,233,466,235,233,466,201
234,234,468,263,234,468,220,234,468,246,234,468,210,234,468,266,234,468,212,234,468,224
235,235,470,278,235,470,207,235,470,248,235,470,221,235,470,292,235,470,221,235,470,207
236,236,472,270,236,472,227,236,472,241,236,472,235,236,472,281,236,472,226,236,472,216
237,237,474,271,237,474,197,237,474,265,237,474,226,237,474,291,237,474,238,237,474,225
238,238,476,271,238,476,229,238,476,244,238,476,223,238,476,277,238,476,222,238,476,212
239,239,478,273,239,478,205,239,478,245,239,478,236,239,478,277,239,478,227,239,478,212
240,240,480,284,240,480,233,240,480,264,240,480,231,240,480,285,240,480,243,240,480,216
241,241,482,336,241,482,202,241,482,243,241,482,217,241,482,291,241,482,227,241,482,215
242,242,484,276,242,484,236,242,484,269,242,484,232,242,484,297,242,484,235,242,484,241
243,243,486,279,243,486,226,243,486,256,243,486,231,243,486,302,243,486,228,243,486,217
244,244,488,286,244,488,244,244,488,257,244,488,243,244,488,284,244,488,231,244,488,233
245,245,490,293,245,490,228,245,490,252,245,490,228,245,490,284,245,490,235,245,490,224
246,246,492,284,246,492,240,246,492,253,246,492,254,246,492,298,246,492,243,246,492,255
247,247,494,282,247,494,228,247,494,260,247,494,245,247,494,301,247,494,237,247,494,221
248,248,496,281,248,496,241,248,496,264,248,496,233,248,496,315,248,496,355,248,496,376
249,249,498,312,249,498,249,249,498,264,249,498,241,249,498,310,249,498,262,249,498,247
250,250,500,393,250,500,370,250,500,394,250,500,361,250,500,383,250,500,322,250,500,354
251,251,502,420,251,502,402,251,502,449,251,502,414,251,502,522,251,502,409,251,502,387
252,252,504,456,252,504,423,252,504,464,252,504,423,252,504,531,252,504,425,252,504,430
253,253,506,490,253,506,386,253,506,466,253,506,377,253,506,372,253,506,264,253,506,249
254,254,508,283,254,508,263,254,508,298,254,508,247,254,508,304,254,508,251,254,508,236
255,255,510,303,255,510,215,255,510,259,255,510,232,255,510,308,255,510,246,255,510,231
256,256,512,271,256,512,251,256,512,264,256,512,243,256,512,301,256,512,328,256,512,233
257,257,514,286,257,514,267,257,514,243,257,514,305,257,514,260,257,514,257,257,514,239
258,258,516,292,258,516,269,258,516,244,258,516,311,258,516,233,258,516,244,258,516,253
259,259,518,321,259,518,308,259,518,239,259,518,307,259,518,242,259,518,260,259,518,245
260,260,520,304,260,520,283,260,520,262,260,520,299,260,520,247,260,520,275,260,520,248
261,261,522,445,261,522,272,261,522,250,261,522,478,261,522,368,261,522,376,261,522,283
262,262,524,402,262,524,380,262,524,258,262,524,318,262,524,345,262,524,262,262,524,258
263,263,526,310,263,526,259,263,526,253,263,526,309,263,526,256,263,526,257,263,526,351
264,264,528,458,264,528,418,264,528,246,264,528,408,264,528,252,264,528,251,264,528,246
265,265,530,423,265,530,321,265,530,332,265,530,483,265,530,291,265,530,380,265,530,286
266,266,532,302,266,532,271,266,532,270,266,532,315,266,532,260,266,532,286,266,532,255
267,267,534,314,267,534,285,267,534,258,267,534,329,267,534,255,267,534,255,267,534,267
268,268,536,316,268,536,352,268,536,252,268,536,309,268,536,260,268,536,257,268,536,250
269,269,538,300,269,538,274,269,538,266,269,538,326,269,538,272,269,538,342,269,538,260
270,270,540,329,270,540,282,270,540,253,270,540,424,270,540,384,270,540,390,270,540,376
271,271,542,456,271,542,377,271,542,257,271,542,335,271,542,378,271,542,392,271,542,382
272,272,544,460,272,544,432,272,544,379,272,544,443,272,544,337,272,544,320,272,544,257
273,273,546,310,273,546,281,273,546,258,273,546,335,273,546,268,273,546,270,273,546,269
274,274,548,313,274,548,280,274,548,260,274,548,317,274,548,288,274,548,271,274,548,276
275,275,550,316,275,550,248,275,550,277,275,550,327,275,550,269,275,550,270,275,550,264
276,276,552,472,276,552,462,276,552,399,276,552,489,276,552,391,276,552,336,276,552,279
277,277,554,307,277,554,250,277,554,250,277,554,317,277,554,269,277,554,267,277,554,251
278,278,556,305,278,556,294,278,556,254,278,556,340,278,556,264,278,556,274,278,556,259
279,279,558,311,279,558,274,279,558,254,279,558,321,279,558,266,279,558,274,279,558,253
280,280,560,318,280,560,295,280,560,262,280,560,338,280,560,266,280,560,311,280,560,326
281,281,562,469,281,562,426,281,562,436,281,562,520,281,562,437,281,562,465,281,562,409
282,282,564,495,282,564,442,282,564,263,282,564,324,282,564,280,282,564,274,282,564,271
283,283,566,320,283,566,263,283,566,265,283,566,334,283,566,270,283,566,282,283,566,264
284,284,568,322,284,568,308,284,568,275,284,568,337,284,568,271,284,568,284,284,568,265
285,285,570,322,285,570,264,285,570,268,285,570,336,285,570,273,285,570,283,285,570,266
286,286,572,324,286,572,307,286,572,277,286,572,363,286,572,272,286,572,298,286,572,268
287,287,574,322,287,574,266,287,574,288,287,574,345,287,574,268,287,574,287,287,574,261
288,288,576,315,288,576,297,288,576,266,288,576,334,288,576,279,288,576,289,288,576,336
289,289,578,314,289,578,297,289,578,297,289,578,353,289,578,298,289,578,290,289,578,271
290,290,580,330,290,580,306,290,580,281,290,580,336,290,580,272,290,580,300,290,580,281
291,291,582,350,291,582,307,291,582,279,291,582,343,291,582,281,291,582,292,291,582,286
292,292,584,335,292,584,324,292,584,269,292,584,336,292,584,278,292,584,286,292,584,268
293,293,586,332,293,586,265,293,586,283,293,586,335,293,586,276,293,586,309,293,586,428
294,294,588,335,294,588,312,294,588,278,294,588,349,294,588,293,294,588,317,294,588,425
295,295,590,336,295,590,324,295,590,280,295,590,350,295,590,284,295,590,296,295,590,408
296,296,592,348,296,592,315,296,592,288,296,592,357,296,592,279,296,592,309,296,592,421
297,297,594,360,297,594,285,297,594,285,297,594,377,297,594,279,297,594,291,297,594,396
298,298,596,337,298,596,308,298,596,277,298,596,345,298,596,283,298,596,293,298,596,434
299,299,598,349,299,598,277,299,598,337,299,598,368,299,598,282,299,598,295,299,598,401
300,300,600,347,300,600,446,300,600,316,300,600,349,300,600,285,300,600,322,300,600,414
301,301,602,359,301,602,297,301,602,305,301,602,395,301,602,303,301,602,311,301,602,424
302,302,604,352,302,604,485,302,604,433,302,604,351,302,604,398,302,604,300,302,604,413
303,303,606,358,303,606,451,303,606,436,303,606,537,303,606,294,303,606,406,303,606,620
304,304,608,474,304,608,442,304,608,288,304,608,375,304,608,369,304,608,484,304,608,597
305,305,610,343,305,610,277,305,610,313,305,610,355,305,610,307,305,610,306,305,610,418
306,306,612,343,306,612,327,306,612,307,306,612,481,306,612,459,306,612,457,306,612,652
307,307,614,346,307,614,320,307,614,288,307,614,356,307,614,293,307,614,315,307,614,410
308,308,616,353,308,616,338,308,616,321,308,616,358,308,616,298,308,616,336,308,616,438
309,309,618,360,309,618,281,309,618,297,309,618,358,309,618,316,309,618,475,309,618,677
310,310,620,353,310,620,378,310,620,447,310,620,389,310,620,433,310,620,311,310,620,423
311,311,622,360,311,622,283,311,622,301,311,622,360,311,622,312,311,622,311,311,622,431
312,312,624,531,312,624,501,312,624,447,312,624,556,312,624,456,312,624,314,312,624,517
313,313,626,477,313,626,360,313,626,301,313,626,367,313,626,311,313,626,316,313,626,427
314,314,628,531,314,628,505,314,628,452,314,628,471,314,628,309,314,628,401,314,628,473
315,315,630,355,315,630,288,315,630,308,315,630,364,315,630,316,315,630,317,315,630,429
316,316,632,533,316,632,331,316,632,300,316,632,376,316,632,338,316,632,320,316,632,444
317,317,634,535,317,634,481,317,634,458,317,634,367,317,634,447,317,634,316,317,634,643
318,318,636,400,318,636,448,318,636,310,318,636,372,318,636,318,318,636,477,318,636,670
319,319,638,374,319,638,343,319,638,307,319,638,369,319,638,317,319,638,336,319,638,433
320,320,640,361,320,640,335,320,640,304,320,640,374,320,640,331,320,640,326,320,640,454
321,321,642,401,321,642,362,321,642,479,321,642,502,321,642,462,321,642,470,321,642,551
322,322,644,516,322,644,527,322,644,391,322,644,563,322,644,326,322,644,325,322,644,459
323,323,646,574,323,646,429,323,646,473,323,646,524,323,646,323,323,646,510,323,646,646
324,324,648,556,324,648,341,324,648,469,324,648,403,324,648,333,324,648,337,324,648,453
325,325,650,566,325,650,497,325,650,323,325,650,487,325,650,332,325,650,351,325,650,471
326,326,652,550,326,652,530,326,652,316,326,652,536,326,652,486,326,652,333,326,652,639
327,327,654,554,327,654,487,327,654,475,327,654,565,327,654,488,327,654,409,327,654,602
328,328,656,553,328,656,502,328,656,326,328,656,382,328,656,325,328,656,398,328,656,440
329,329,658,376,329,658,347,329,658,395,329,658,523,329,658,387,329,658,344,329,658,458
330,330,660,506,330,660,558,330,660,485,330,660,404,330,660,326,330,660,333,330,660,438
331,331,662,410,331,662,312,331,662,341,331,662,397,331,662,364,331,662,345,331,662,461
332,332,664,398,332,664,439,332,664,460,332,664,605,332,664,472,332,664,348,332,664,471
333,333,666,535,333,666,492,333,666,487,333,666,397,333,666,464,333,666,342,333,666,452
334,334,668,436,334,668,377,334,668,490,334,668,625,334,668,468,334,668,340,334,668,463
335,335,670,586,335,670,509,335,670,504,335,670,400,335,670,341,335,670,348,335,670,455
336,336,672,538,336,672,490,336,672,515,336,672,558,336,672,519,336,672,350,336,672,617
337,337,674,423,337,674,335,337,674,348,337,674,424,337,674,354,337,674,358,337,674,471
338,338,676,441,338,676,379,338,676,350,338,676,413,338,676,416,338,676,363,338,676,478
339,339,678,604,339,678,527,339,678,530,339,678,585,339,678,347,339,678,353,339,678,470
340,340,680,495,340,680,562,340,680,441,340,680,548,340,680,524,340,680,525,340,680,536
341,341,682,418,341,682,373,341,682,344,341,682,423,341,682,349,341,682,357,341,682,467
342,342,684,426,342,684,374,342,684,407,342,684,359,342,684,378,342,684,495,342,684,358
343,343,686,425,343,686,324,343,686,406,343,686,372,343,686,528,343,686,482,343,686,340
344,344,688,424,344,688,396,344,688,418,344,688,376,344,688,502,344,688,594,344,688,396
345,345,690,480,345,690,344,345,690,418,345,690,361,345,690,371,345,690,533,345,690,361
346,346,692,438,346,692,388,346,692,420,346,692,364,346,692,365,346,692,501,346,692,384
347,347,694,431,347,694,332,347,694,414,347,694,353,347,694,358,347,694,496,347,694,336
348,348,696,432,348,696,381,348,696,412,348,696,371,348,696,367,348,696,508,348,696,338
349,349,698,508,349,698,422,349,698,470,349,698,368,349,698,397,349,698,514,349,698,356
350,350,700,441,350,700,395,350,700,426,350,700,382,350,700,373,350,700,508,350,700,360
351,351,702,529,351,702,324,351,702,405,351,702,352,351,702,353,351,702,508,351,702,353
352,352,704,447,352,704,413,352,704,428,352,704,373,352,704,373,352,704,552,352,704,343
353,353,706,453,353,706,335,353,706,440,353,706,366,353,706,466,353,706,628,353,706,368
354,354,708,450,354,708,389,354,708,454,354,708,377,354,708,377,354,708,507,354,708,371
355,355,710,454,355,710,353,355,710,439,355,710,377,355,710,378,355,710,508,355,710,346
356,356,712,430,356,712,412,356,712,453,356,712,421,356,712,371,356,712,524,356,712,385
357,357,714,456,357,714,360,357,714,455,357,714,421,357,714,538,357,714,540,357,714,370
358,358,716,439,358,716,408,358,716,442,358,716,391,358,716,375,358,716,528,358,716,394
359,359,718,442,359,718,348,359,718,443,359,718,373,359,718,385,359,718,507,359,718,373
360,360,720,423,360,720,397,360,720,433,360,720,379,360,720,370,360,720,529,360,720,365
361,361,722,430,361,722,397,361,722,430,361,722,377,361,722,378,361,722,519,361,722,367
362,362,724,477,362,724,390,362,724,466,362,724,457,362,724,409,362,724,539,362,724,670
363,363,726,641,363,726,422,363,726,422,363,726,394,363,726,378,363,726,532,363,726,360
364,364,728,429,364,728,407,364,728,438,364,728,368,364,728,392,364,728,522,364,728,398
365,365,730,458,365,730,344,365,730,436,365,730,379,365,730,388,365,730,517,365,730,363
366,366,732,426,366,732,418,366,732,444,366,732,384,366,732,383,366,732,528,366,732,448
367,367,734,450,367,734,347,367,734,453,367,734,384,367,734,390,367,734,528,367,734,391
368,368,736,635,368,736,399,368,736,438,368,736,397,368,736,387,368,736,522,368,736,382
369,369,738,437,369,738,349,369,738,463,369,738,397,369,738,385,369,738,509,369,738,392
370,370,740,499,370,740,412,370,740,444,370,740,391,370,740,391,370,740,524,370,740,381
371,371,742,644,371,742,420,371,742,614,371,742,556,371,742,611,371,742,814,371,742,531
372,372,744,430,372,744,403,372,744,436,372,744,383,372,744,383,372,744,521,372,744,375
373,373,746,439,373,746,344,373,746,432,373,746,388,373,746,425,373,746,538,373,746,423
374,374,748,478,374,748,417,374,748,449,374,748,399,374,748,412,374,748,542,374,748,396
375,375,750,684,375,750,500,375,750,530,375,750,409,375,750,406,375,750,557,375,750,388
376,376,752,450,376,752,418,376,752,453,376,752,399,376,752,398,376,752,532,376,752,389
377,377,754,517,377,754,411,377,754,468,377,754,399,377,754,400,377,754,535,377,754,390
378,378,756,582,378,756,422,378,756,469,378,756,456,378,756,401,378,756,522,378,756,387
379,379,758,489,379,758,388,379,758,677,379,758,499,379,758,429,379,758,527,379,758,417
380,380,760,458,380,760,425,380,760,458,380,760,414,380,760,394,380,760,529,380,760,385
381,381,762,463,381,762,354,381,762,474,381,762,427,381,762,421,381,762,537,381,762,409
382,382,764,577,382,764,469,382,764,451,382,764,397,382,764,398,382,764,528,382,764,408
383,383,766,485,383,766,374,383,766,486,383,766,406,383,766,474,383,766,541,383,766,399
384,384,768,463,384,768,437,384,768,465,384,768,417,384,768,410,384,768,597,384,768,577
385,385,770,557,385,770,369,385,770,482,385,770,425,385,770,430,385,770,544,385,770,404
386,386,772,479,386,772,434,386,772,464,386,772,419,386,772,413,386,772,532,386,772,410
387,387,774,446,387,774,372,387,774,468,387,774,423,387,774,412,387,774,546,387,774,395
388,388,776,464,388,776,438,388,776,456,388,776,433,388,776,421,388,776,570,388,776,407
389,389,778,471,389,778,399,389,778,456,389,778,410,389,778,404,389,778,553,389,778,417
390,390,780,486,390,780,447,390,780,472,390,780,441,390,780,405,390,780,543,390,780,398
391,391,782,470,391,782,362,391,782,492,391,782,433,391,782,431,391,782,558,391,782,410
392,392,784,489,392,784,438,392,784,485,392,784,416,392,784,433,392,784,629,392,784,501
393,393,786,492,393,786,384,393,786,495,393,786,415,393,786,405,393,786,561,393,786,405
394,394,788,466,394,788,433,394,788,500,394,788,440,394,788,436,394,788,572,394,788,426
395,395,790,617,395,790,367,395,790,489,395,790,414,395,790,413,395,790,551,395,790,406
396,396,792,472,396,792,436,396,792,502,396,792,421,396,792,429,396,792,569,396,792,423
397,397,794,471,397,794,370,397,794,492,397,794,432,397,794,423,397,794,561,397,794,419
398,398,796,483,398,796,456,398,796,508,398,796,421,398,796,419,398,796,550,398,796,409
399,399,798,475,399,798,372,399,798,508,399,798,457,399,798,447,399,798,604,399,798,430
400,400,800,631,400,800,666,400,800,622,400,800,524,400,800,424,400,800,591,400,800,432
401,401,802,502,401,802,473,401,802,476,401,802,429,401,802,419,401,802,558,401,802,412
402,402,804,474,402,804,456,402,804,476,402,804,462,402,804,452,402,804,588,402,804,425
403,403,806,501,403,806,386,403,806,485,403,806,440,403,806,457,403,806,572,403,806,430
404,404,808,489,404,808,450,404,808,495,404,808,432,404,808,423,404,808,599,404,808,449
405,405,810,508,405,810,395,405,810,479,405,810,437,405,810,432,405,810,561,405,810,417
406,406,812,487,406,812,451,406,812,483,406,812,437,406,812,425,406,812,589,406,812,431
407,407,814,511,407,814,392,407,814,488,407,814,430,407,814,430,407,814,562,407,814,478
408,408,816,588,408,816,466,408,816,494,408,816,457,408,816,447,408,816,586,408,816,439
409,409,818,503,409,818,382,409,818,485,409,818,450,409,818,449,409,818,581,409,818,436
410,410,820,508,410,820,471,410,820,499,410,820,447,410,820,551,410,820,448,410,820,426
411,411,822,503,411,822,394,411,822,506,411,822,453,411,822,567,411,822,473,411,822,426
412,412,824,494,412,824,457,412,824,486,412,824,443,412,824,564,412,824,470,412,824,445
413,413,826,509,413,826,470,413,826,499,413,826,455,413,826,571,413,826,465,413,826,439
414,414,828,510,414,828,473,414,828,510,414,828,462,414,828,564,414,828,454,414,828,437
415,415,830,504,415,830,459,415,830,647,415,830,463,415,830,602,415,830,546,415,830,592
416,416,832,511,416,832,492,416,832,497,416,832,451,416,832,567,416,832,493,416,832,457
417,417,834,515,417,834,407,417,834,500,417,834,449,417,834,581,417,834,461,417,834,436
418,418,836,500,418,836,467,418,836,500,418,836,459,418,836,572,418,836,462,418,836,438
419,419,838,590,419,838,392,419,838,501,419,838,453,419,838,596,419,838,473,419,838,450
420,420,840,516,420,840,482,420,840,525,420,840,476,420,840,582,420,840,475,420,840,453
421,421,842,522,421,842,483,421,842,626,421,842,483,421,842,567,421,842,465,421,842,440
422,422,844,511,422,844,472,422,844,587,422,844,558,422,844,641,422,844,492,422,844,441
423,423,846,544,423,846,406,423,846,502,423,846,474,423,846,586,423,846,480,423,846,455
424,424,848,587,424,848,544,424,848,531,424,848,475,424,848,588,424,848,483,424,848,475
425,425,850,517,425,850,399,425,850,514,425,850,467,425,850,572,425,850,471,425,850,446
426,426,852,615,426,852,478,426,852,511,426,852,466,426,852,577,426,852,472,426,852,457
427,427,854,534,427,854,411,427,854,526,427,854,543,427,854,591,427,854,487,427,854,460
428,428,856,524,428,856,522,428,856,520,428,856,467,428,856,596,428,856,490,428,856,471
429,429,858,538,429,858,415,429,858,576,429,858,568,429,858,742,429,858,520,429,858,472
430,430,860,726,430,860,498,430,860,536,430,860,491,430,860,610,430,860,493,430,860,472
431,431,862,531,431,862,415,431,862,535,431,862,511,431,862,613,431,862,490,431,862,461
432,432,864,517,432,864,496,432,864,555,432,864,498,432,864,616,432,864,499,432,864,470
433,433,866,527,433,866,406,433,866,543,433,866,474,433,866,605,433,866,482,433,866,456
434,434,868,546,434,868,580,434,868,743,434,868,475,434,868,593,434,868,485,434,868,462
435,435,870,530,435,870,409,435,870,521,435,870,475,435,870,615,435,870,501,435,870,473
436,436,872,536,436,872,518,436,872,541,436,872,487,436,872,590,436,872,501,436,872,482
437,437,874,540,437,874,506,437,874,538,437,874,493,437,874,605,437,874,515,437,874,477
438,438,876,541,438,876,501,438,876,526,438,876,483,438,876,601,438,876,536,438,876,489
439,439,878,554,439,878,414,439,878,529,439,878,494,439,878,620,439,878,509,439,878,498
440,440,880,562,440,880,510,440,880,561,440,880,505,440,880,613,440,880,518,440,880,470
441,441,882,534,441,882,416,441,882,531,441,882,522,441,882,637,441,882,524,441,882,501
442,442,884,553,442,884,500,442,884,558,442,884,488,442,884,599,442,884,496,442,884,472
443,443,886,546,443,886,444,443,886,563,443,886,515,443,886,617,443,886,515,443,886,483
444,444,888,559,444,888,518,444,888,551,444,888,525,444,888,618,444,888,515,444,888,486
445,445,890,657,445,890,422,445,890,534,445,890,492,445,890,628,445,890,557,445,890,555
446,446,892,585,446,892,522,446,892,553,446,892,509,446,892,641,446,892,523,446,892,501
447,447,894,582,447,894,424,447,894,800,447,894,510,447,894,620,447,894,506,447,894,491
448,448,896,557,448,896,527,448,896,575,448,896,508,448,896,637,448,896,521,448,896,506
449,449,898,561,449,898,582,449,898,555,449,898,730,449,898,841,449,898,552,449,898,509
450,450,900,557,450,900,527,450,900,559,450,900,515,450,900,964,450,900,532,450,900,497
451,451,902,545,451,902,429,451,902,554,451,902,500,451,902,701,451,902,514,451,902,512
452,452,904,559,452,904,534,452,904,573,452,904,519,452,904,650,452,904,516,452,904,503
453,453,906,823,453,906,441,453,906,551,453,906,506,453,906,628,453,906,520,453,906,497
454,454,908,710,454,908,520,454,908,575,454,908,525,454,908,645,454,908,539,454,908,502
455,455,910,553,455,910,442,455,910,572,455,910,523,455,910,645,455,910,555,455,910,527
456,456,912,567,456,912,530,456,912,553,456,912,538,456,912,680,456,912,534,456,912,506
457,457,914,585,457,914,444,457,914,561,457,914,619,457,914,664,457,914,555,457,914,528
458,458,916,586,458,916,547,458,916,559,458,916,541,458,916,661,458,916,540,458,916,525
459,459,918,790,459,918,641,459,918,834,459,918,516,459,918,664,459,918,570,459,918,527
460,460,920,579,460,920,722,460,920,577,460,920,540,460,920,685,460,920,548,460,920,525
461,461,922,591,461,922,463,461,922,558,461,922,530,461,922,643,461,922,557,461,922,759
462,462,924,834,462,924,606,462,924,719,462,924,751,462,924,918,462,924,540,462,924,499
463,463,926,581,463,926,459,463,926,565,463,926,535,463,926,742,463,926,583,463,926,559
464,464,928,577,464,928,547,464,928,584,464,928,536,464,928,662,464,928,536,464,928,509
465,465,930,614,465,930,516,465,930,580,465,930,546,465,930,699,465,930,549,465,930,527
466,466,932,584,466,932,536,466,932,570,466,932,545,466,932,671,466,932,569,466,932,574
467,467,934,631,467,934,458,467,934,580,467,934,542,467,934,666,467,934,565,467,934,524
468,468,936,586,468,936,552,468,936,792,468,936,704,468,936,640,468,936,557,468,936,526
469,469,938,682,469,938,483,469,938,589,469,938,551,469,938,658,469,938,556,469,938,523
470,470,940,590,470,940,558,470,940,664,470,940,592,470,940,691,470,940,573,470,940,551
471,471,942,622,471,942,456,471,942,601,471,942,766,471,942,688,471,942,588,471,942,515
472,472,944,658,472,944,577,472,944,818,472,944,546,472,944,678,472,944,574,472,944,541
473,473,946,606,473,946,592,473,946,606,473,946,557,473,946,708,473,946,633,473,946,563
474,474,948,602,474,948,571,474,948,653,474,948,553,474,948,679,474,948,597,474,948,532
475,475,950,618,475,950,465,475,950,600,475,950,570,475,950,785,475,950,582,475,950,538
476,476,952,586,476,952,556,476,952,592,476,952,543,476,952,684,476,952,604,476,952,615
477,477,954,632,477,954,478,477,954,617,477,954,543,477,954,661,477,954,556,477,954,528
478,478,956,745,478,956,555,478,956,614,478,956,547,478,956,668,478,956,561,478,956,525
479,479,958,625,479,958,466,479,958,583,479,958,591,479,958,713,479,958,572,479,958,538
480,480,960,882,480,960,680,480,960,718,480,960,643,480,960,674,480,960,609,480,960,571
481,481,962,635,481,962,472,481,962,636,481,962,599,481,962,672,481,962,569,481,962,542
482,482,964,615,482,964,642,482,964,875,482,964,786,482,964,704,482,964,571,482,964,539
483,483,966,611,483,966,589,483,966,708,483,966,571,483,966,710,483,966,590,483,966,532
484,484,968,629,484,968,587,484,968,609,484,968,570,484,968,696,484,968,588,484,968,567
485,485,970,632,485,970,488,485,970,866,485,970,735,485,970,832,485,970,576,485,970,573
486,486,972,892,486,972,568,486,972,719,486,972,592,486,972,1030,486,972,843,486,972,550
487,487,974,650,487,974,470,487,974,614,487,974,558,487,974,679,487,974,580,487,974,539
488,488,976,650,488,976,691,488,976,891,488,976,563,488,976,675,488,976,571,488,976,542
489,489,978,647,489,978,566,489,978,705,489,978,610,489,978,700,489,978,597,489,978,563
490,490,980,631,490,980,630,490,980,613,490,980,565,490,980,689,490,980,593,490,980,552
491,491,982,658,491,982,485,491,982,644,491,982,721,491,982,688,491,982,624,491,982,627
492,492,984,659,492,984,625,492,984,623,492,984,712,492,984,745,492,984,588,492,984,547
493,493,986,657,493,986,651,493,986,623,493,986,584,493,986,961,493,986,591,493,986,549
494,494,988,622,494,988,586,494,988,612,494,988,602,494,988,760,494,988,624,494,988,564
495,495,990,639,495,990,514,495,990,617,495,990,567,495,990,685,495,990,690,495,990,648
496,496,992,640,496,992,598,496,992,636,496,992,606,496,992,737,496,992,600,496,992,560
497,497,994,620,497,994,585,497,994,613,497,994,680,497,994,770,497,994,763,497,994,803
498,498,996,912,498,996,859,498,996,859,498,996,677,498,996,838,498,996,595,498,996,628
499,499,998,631,499,998,494,499,998,633,499,998,586,499,998,688,499,998,592,499,998,551
500,500,1000,836,500,1000,589,500,1000,644,500,1000,840,500,1000,691,500,1000,603,500,1000,586
501,501,1002,634,501,1002,505,501,1002,634,501,1002,658,501,1002,856,501,1002,640,501,1002,595
502,502,1004,637,502,1004,615,502,1004,630,502,1004,594,502,1004,691,502,1004,643,502,1004,632
503,503,1006,675,503,1006,516,503,1006,646,503,1006,647,503,1006,723,503,1006,624,503,1006,579
504,504,1008,653,504,1008,610,504,1008,641,504,1008,749,504,1008,740,504,1008,716,504,1008,679
505,505,1010,644,505,1010,511,505,1010,623,505,1010,598,505,1010,725,505,1010,646,505,1010,582
506,506,1012,639,506,1012,600,506,1012,664,506,1012,610,506,1012,756,506,1012,622,506,1012,585
507,507,1014,668,507,1014,490,507,1014,632,507,1014,600,507,1014,742,507,1014,839,507,1014,856
508,508,1016,712,508,1016,628,508,1016,665,508,1016,595,508,1016,703,508,1016,621,508,1016,571
509,509,1018,646,509,1018,493,509,1018,665,509,1018,709,509,1018,801,509,1018,747,509,1018,856
510,510,1020,678,510,1020,887,510,1020,938,510,1020,662,510,1020,719,510,1020,637,510,1020,573
511,511,1022,676,511,1022,496,511,1022,635,511,1022,623,511,1022,724,511,1022,620,511,1022,573
512,512,1024,648,512,1024,633,512,1024,653,512,1024,615,512,1024,708,512,1024,625,512,1024,645
513,513,1026,680,513,1026,525,513,1026,689,513,1026,758,513,1026,603,513,1026,618,513,1026,596
514,514,1028,691,514,1028,658,514,1028,596,514,1028,743,514,1028,615,514,1028,627,514,1028,579
515,515,1030,827,515,1030,544,515,1030,598,515,1030,998,515,1030,906,515,1030,982,515,1030,931
516,516,1032,986,516,1032,861,516,1032,601,516,1032,751,516,1032,607,516,1032,639,516,1032,736
517,517,1034,688,517,1034,538,517,1034,614,517,1034,747,517,1034,619,517,1034,640,517,1034,607
518,518,1036,678,518,1036,728,518,1036,668,518,1036,737,518,1036,596,518,1036,624,518,1036,584
519,519,1038,731,519,1038,591,519,1038,607,519,1038,755,519,1038,614,519,1038,658,519,1038,601
520,520,1040,703,520,1040,652,520,1040,591,520,1040,764,520,1040,613,520,1040,646,520,1040,605
521,521,1042,727,521,1042,681,521,1042,608,521,1042,792,521,1042,617,521,1042,647,521,1042,606
522,522,1044,845,522,1044,660,522,1044,594,522,1044,773,522,1044,633,522,1044,649,522,1044,608
523,523,1046,736,523,1046,544,523,1046,607,523,1046,739,523,1046,603,523,1046,633,523,1046,608
524,524,1048,825,524,1048,686,524,1048,606,524,1048,750,524,1048,631,524,1048,658,524,1048,612
525,525,1050,783,525,1050,575,525,1050,656,525,1050,779,525,1050,607,525,1050,654,525,1050,613
526,526,1052,744,526,1052,661,526,1052,605,526,1052,746,526,1052,635,526,1052,724,526,1052,916
527,527,1054,1047,527,1054,637,527,1054,791,527,1054,756,527,1054,774,527,1054,660,527,1054,642
528,528,1056,722,528,1056,693,528,1056,627,528,1056,770,528,1056,627,528,1056,669,528,1056,618
529,529,1058,729,529,1058,714,529,1058,653,529,1058,776,529,1058,655,529,1058,684,529,1058,627
530,530,1060,759,530,1060,684,530,1060,643,530,1060,780,530,1060,632,530,1060,679,530,1060,620
531,531,1062,1076,531,1062,956,531,1062,759,531,1062,755,531,1062,628,531,1062,647,531,1062,618
532,532,1064,779,532,1064,952,532,1064,869,532,1064,835,532,1064,631,532,1064,659,532,1064,611
533,533,1066,809,533,1066,732,533,1066,611,533,1066,767,533,1066,633,533,1066,648,533,1066,621
534,534,1068,725,534,1068,779,534,1068,818,534,1068,802,534,1068,664,534,1068,696,534,1068,868
535,535,1070,847,535,1070,554,535,1070,630,535,1070,763,535,1070,628,535,1070,661,535,1070,647
536,536,1072,917,536,1072,676,536,1072,637,536,1072,791,536,1072,642,536,1072,677,536,1072,632
537,537,1074,752,537,1074,563,537,1074,639,537,1074,824,537,1074,771,537,1074,870,537,1074,716
538,538,1076,751,538,1076,697,538,1076,635,538,1076,839,538,1076,750,538,1076,967,538,1076,898
539,539,1078,738,539,1078,558,539,1078,685,539,1078,767,539,1078,649,539,1078,688,539,1078,619
540,540,1080,1063,540,1080,1015,540,1080,629,540,1080,772,540,1080,631,540,1080,669,540,1080,627
541,541,1082,789,541,1082,656,541,1082,666,541,1082,807,541,1082,662,541,1082,681,541,1082,645
542,542,1084,731,542,1084,687,542,1084,638,542,1084,770,542,1084,634,542,1084,675,542,1084,878
543,543,1086,743,543,1086,590,543,1086,652,543,1086,798,543,1086,658,543,1086,687,543,1086,684
544,544,1088,1050,544,1088,919,544,1088,659,544,1088,804,544,1088,671,544,1088,695,544,1088,666
545,545,1090,760,545,1090,691,545,1090,642,545,1090,800,545,1090,658,545,1090,717,545,1090,650
546,546,1092,745,546,1092,720,546,1092,662,546,1092,804,546,1092,679,546,1092,745,546,1092,667
547,547,1094,760,547,1094,596,547,1094,648,547,1094,782,547,1094,651,547,1094,705,547,1094,704
548,548,1096,768,548,1096,710,548,1096,637,548,1096,810,548,1096,686,548,1096,714,548,1096,686
549,549,1098,780,549,1098,585,549,1098,659,549,1098,882,549,1098,676,549,1098,717,549,1098,681
550,550,1100,771,550,1100,731,550,1100,658,550,1100,811,550,1100,680,550,1100,688,550,1100,651
551,551,1102,737,551,1102,572,551,1102,699,551,1102,830,551,1102,703,551,1102,715,551,1102,648
552,552,1104,783,552,1104,703,552,1104,731,552,1104,844,552,1104,691,552,1104,714,552,1104,652
553,553,1106,758,553,1106,572,553,1106,645,553,1106,794,553,1106,684,553,1106,732,553,1106,670
554,554,1108,813,554,1108,757,554,1108,682,554,1108,919,554,1108,697,554,1108,731,554,1108,702
555,555,1110,826,555,1110,751,555,1110,682,555,1110,834,555,1110,696,555,1110,736,555,1110,676
556,556,1112,765,556,1112,724,556,1112,662,556,1112,804,556,1112,684,556,1112,780,556,1112,780
557,557,1114,748,557,1114,585,557,1114,666,557,1114,827,557,1114,682,557,1114,737,557,1114,691
558,558,1116,770,558,1116,729,558,1116,674,558,1116,852,558,1116,683,558,1116,770,558,1116,716
559,559,1118,756,559,1118,589,559,1118,668,559,1118,997,559,1118,880,559,1118,734,559,1118,674
560,560,1120,969,560,1120,996,560,1120,772,560,1120,854,560,1120,713,560,1120,725,560,1120,678
561,561,1122,1134,561,1122,913,561,1122,658,561,1122,832,561,1122,672,561,1122,706,561,1122,699
562,562,1124,1053,562,1124,1058,562,1124,906,562,1124,807,562,1124,674,562,1124,741,562,1124,740
563,563,1126,758,563,1126,587,563,1126,924,563,1126,925,563,1126,690,563,1126,718,563,1126,671
564,564,1128,848,564,1128,772,564,1128,697,564,1128,822,564,1128,678,564,1128,729,564,1128,826
565,565,1130,927,565,1130,594,565,1130,760,565,1130,876,565,1130,710,565,1130,713,565,1130,669
566,566,1132,778,566,1132,736,566,1132,668,566,1132,929,566,1132,708,566,1132,722,566,1132,670
567,567,1134,921,567,1134,600,567,1134,669,567,1134,852,567,1134,703,567,1134,716,567,1134,671
568,568,1136,868,568,1136,783,568,1136,690,568,1136,845,568,1136,708,568,1136,726,568,1136,698
569,569,1138,780,569,1138,591,569,1138,678,569,1138,821,569,1138,705,569,1138,779,569,1138,919
570,570,1140,1003,570,1140,843,570,1140,677,570,1140,858,570,1140,820,570,1140,1025,570,1140,971
571,571,1142,1045,571,1142,735,571,1142,746,571,1142,1237,571,1142,1072,571,1142,1178,571,1142,1081
572,572,1144,1224,572,1144,1226,572,1144,1115,572,1144,989,572,1144,756,572,1144,943,572,1144,806
573,573,1146,825,573,1146,613,573,1146,696,573,1146,859,573,1146,716,573,1146,740,573,1146,707
574,574,1148,785,574,1148,953,574,1148,709,574,1148,855,574,1148,713,574,1148,756,574,1148,723
575,575,1150,904,575,1150,614,575,1150,737,575,1150,921,575,1150,717,575,1150,760,575,1150,704
576,576,1152,838,576,1152,776,576,1152,691,576,1152,826,576,1152,703,576,1152,756,576,1152,713
577,577,1154,805,577,1154,618,577,1154,766,577,1154,832,577,1154,749,577,1154,763,577,1154,818
578,578,1156,836,578,1156,779,578,1156,694,578,1156,845,578,1156,710,578,1156,752,578,1156,721
579,579,1158,831,579,1158,799,579,1158,735,579,1158,1030,579,1158,1005,579,1158,914,579,1158,806
580,580,1160,806,580,1160,934,580,1160,806,580,1160,847,580,1160,734,580,1160,759,580,1160,712
581,581,1162,913,581,1162,852,581,1162,702,581,1162,854,581,1162,709,581,1162,807,581,1162,770
582,582,1164,832,582,1164,773,582,1164,753,582,1164,870,582,1164,741,582,1164,788,582,1164,736
583,583,1166,819,583,1166,614,583,1166,704,583,1166,848,583,1166,711,583,1166,793,583,1166,732
584,584,1168,830,584,1168,809,584,1168,902,584,1168,1052,584,1168,708,584,1168,841,584,1168,692
585,585,1170,818,585,1170,637,585,1170,737,585,1170,899,585,1170,732,585,1170,808,585,1170,699
586,586,1172,825,586,1172,774,586,1172,726,586,1172,865,586,1172,713,586,1172,766,586,1172,1005
587,587,1174,902,587,1174,631,587,1174,719,587,1174,1146,587,1174,810,587,1174,769,587,1174,1008
588,588,1176,819,588,1176,764,588,1176,709,588,1176,854,588,1176,718,588,1176,776,588,1176,995
589,589,1178,851,589,1178,666,589,1178,923,589,1178,851,589,1178,722,589,1178,754,589,1178,1084
590,590,1180,864,590,1180,806,590,1180,772,590,1180,999,590,1180,1027,590,1180,764,590,1180,984
591,591,1182,828,591,1182,625,591,1182,707,591,1182,913,591,1182,828,591,1182,888,591,1182,1003
592,592,1184,817,592,1184,876,592,1184,712,592,1184,876,592,1184,731,592,1184,812,592,1184,1045
593,593,1186,841,593,1186,651,593,1186,729,593,1186,857,593,1186,731,593,1186,759,593,1186,981
594,594,1188,1045,594,1188,775,594,1188,719,594,1188,966,594,1188,729,594,1188,771,594,1188,992
595,595,1190,841,595,1190,794,595,1190,761,595,1190,865,595,1190,729,595,1190,767,595,1190,1172
596,596,1192,862,596,1192,819,596,1192,793,596,1192,1111,596,1192,742,596,1192,822,596,1192,1094
597,597,1194,846,597,1194,794,597,1194,761,597,1194,894,597,1194,734,597,1194,773,597,1194,1000
598,598,1196,824,598,1196,781,598,1196,724,598,1196,901,598,1196,755,598,1196,792,598,1196,993
599,599,1198,1116,599,1198,630,599,1198,722,599,1198,931,599,1198,781,599,1198,863,599,1198,1017
600,600,1200,859,600,1200,870,600,1200,785,600,1200,1076,600,1200,775,600,1200,786,600,1200,994
601,601,1202,822,601,1202,631,601,1202,872,601,1202,877,601,1202,755,601,1202,793,601,1202,1030
602,602,1204,939,602,1204,800,602,1204,753,602,1204,905,602,1204,771,602,1204,778,602,1204,1000
603,603,1206,875,603,1206,789,603,1206,730,603,1206,881,603,1206,797,603,1206,801,603,1206,1005
604,604,1208,836,604,1208,811,604,1208,732,604,1208,885,604,1208,800,604,1208,1049,604,1208,1105
605,605,1210,840,605,1210,643,605,1210,731,605,1210,879,605,1210,752,605,1210,777,605,1210,992
606,606,1212,859,606,1212,813,606,1212,742,606,1212,902,606,1212,791,606,1212,815,606,1212,1005
607,607,1214,861,607,1214,639,607,1214,746,607,1214,871,607,1214,747,607,1214,837,607,1214,1099
608,608,1216,863,608,1216,808,608,1216,826,608,1216,885,608,1216,755,608,1216,810,608,1216,1074
